<configuration>
    <appender name="SPLUNK" class="com.splunk.logging.HttpEventCollectorLogbackAppender">
        <url>http://localhost:8088</url>
        <token>YOUR_SPLUNK_TOKEN</token>
        <source>serenity-tests</source>
        <sourcetype>_json</sourcetype>
        <index>main</index>
        <layout class="ch.qos.logback.classic.PatternLayout">
            <Pattern>%d{yyyy-MM-dd HH:mm:ss} [%thread] %-5level %logger{36} - %msg%n</Pattern>
        </layout>
    </appender>
    <root level="INFO">
        <appender-ref ref="SPLUNK"/>
    </root>
</configuration>