<configuration>
    <appender name="splunk" class="com.splunk.logging.HttpEventCollectorLogbackAppender">
        <url>https://<your-splunk-cloud-url></url>
        <token>Your-Splunk-HEC-Token</token>
        <source>serenity-tests</source>
        <sourcetype>_json</sourcetype>
        <index>main</index>
        <layout class="ch.qos.logback.classic.PatternLayout">
            <pattern>%date %level [%thread] %logger{10} [%file:%line] %msg%n</pattern>
        </layout>
    </appender>

    <root level="INFO">
        <appender-ref ref="splunk" />
    </root>
</configuration>
